{"cameraMode":{"drawMode":0,"name":"Shaded","section":"Shading Mode"},"sceneLighting":true,"audioPlay":false,"sceneViewState":{"m_AlwaysRefresh":false,"showFog":true,"showSkybox":true,"showFlares":true,"showImageEffects":true,"showParticleSystems":true,"showVisualEffectGraphs":true,"m_FxEnabled":true},"in2DMode":false,"pivot":{"x":0.5596804618835449,"y":2.2424278259277345,"z":1.8762681484222413},"rotation":{"x":0.35951751470565798,"y":-0.2672506868839264,"z":0.10826413333415985,"w":0.887470543384552},"size":12.12435531616211,"orthographic":true}