{"cameraMode":{"drawMode":0,"name":"Shaded","section":"Shading Mode"},"sceneLighting":false,"audioPlay":false,"sceneViewState":{"m_AlwaysRefresh":false,"showFog":true,"showSkybox":true,"showFlares":true,"showImageEffects":true,"showParticleSystems":true,"showVisualEffectGraphs":true,"m_FxEnabled":true},"in2DMode":false,"pivot":{"x":-0.4099999666213989,"y":0.9800000190734863,"z":3.3877501487731935},"rotation":{"x":0.31308984756469729,"y":-0.29598885774612429,"z":0.1033719927072525,"w":0.8964823484420776},"size":2.4477148056030275,"orthographic":true}