{"cameraMode":{"drawMode":0,"name":"Shaded","section":"Shading Mode"},"sceneLighting":false,"audioPlay":false,"sceneViewState":{"m_AlwaysRefresh":false,"showFog":true,"showSkybox":true,"showFlares":true,"showImageEffects":true,"showParticleSystems":true,"showVisualEffectGraphs":true,"m_FxEnabled":true},"in2DMode":false,"pivot":{"x":-0.2982304096221924,"y":0.8400986790657044,"z":-0.8974243402481079},"rotation":{"x":-0.041769690811634067,"y":0.9428757429122925,"z":-0.12950849533081056,"w":-0.3041101098060608},"size":2.1434309482574465,"orthographic":false}